id,label,central_claim,llm_backends,dataset,languages,veracity,veracity_confidence,coordination_score,n1_burst,n2_coamp,n3_reuse,n4_crosslingual,member_count
camp_332,Organic Trend,"Brexit-related logistical issues are causing fuel shortages in the UK, despite political statements against Nord Stream 2.",bm25_rag,euvsdisinfo,English|Russian|Spanish|Ukrainian,,,0.0,,,,,2
camp_123,Organic Trend,"Elite actions and systemic issues are driving global crises, while energy solutions require nuclear power.",bm25_rag,euvsdisinfo,ARABIC|EN|FR|RU,,,0.0,,,,,2
camp_416,Organic Trend,Allegations of human remains in construction and technical setbacks are being disputed or reported across various domains.,bm25_rag,euvsdisinfo,ARABIC|EN|RU,,,0.0,,,,,2
camp_328,Organic Trend,The government is actively managing public information while advancing key national infrastructure and social projects.,bm25_rag,euvsdisinfo,ARABIC|EN|English|Russian,,,0.0,,,,,3
camp_317,Organic Trend,"Geopolitical tensions and alleged foreign interference are fueling domestic crises in Kosovo, Germany, and Ukraine.",bm25_rag,euvsdisinfo,English|French|Russian|Serbian,,,0.0,,,,,2
camp_108,Organic Trend,"Globalist narratives attempt to undermine Europe and the US, often using Ukraine as a central focus.",bm25_rag,euvsdisinfo,Arabic|English|Russian|Ukrainian,,,0.0,,,,,2
camp_183,Organic Trend,"The Skripal case narrative is intertwined with political distractions, Russian obfuscation, and Ukrainian political commentary.",bm25_rag,euvsdisinfo,ARABIC|EN|FR|RU,,,0.0,,,,,2
camp_250,Organic Trend,European and international political instability is characterized by internal disputes and external geopolitical threats.,bm25_rag,euvsdisinfo,EN,,,0.0,,,,,2
camp_26,Organic Trend,"Russia alleges the West is orchestrating a hybrid war against it, using Ukraine as a proxy to undermine its security.",bm25_rag,euvsdisinfo,ARABIC|Arabic|DE|EN|English|RU,,,0.0,,,,,3
camp_136,Organic Trend,Government decrees and legal mandates establish the minimum wage and require formal authorization for compliance.,bm25_rag,euvsdisinfo,EN|RU,,,0.0,,,,,2
camp_59,Organic Trend,Russian speakers in post-Soviet states face rights issues amid political disagreements and public dissatisfaction.,bm25_rag,euvsdisinfo,Arabic|English|Russian,,,0.0,,,,,2
camp_0,Organic Trend,"Geopolitical actors are navigating complex international relations involving Russia, Western influence, and national sovereignty.",bm25_rag,euvsdisinfo,EN|English|RU|Russian,,,0.0,,,,,2
camp_74,Organic Trend,"Regional actors warn that NATO expansion, Iranian ambitions, and Israeli occupation fuel escalating conflict.",bm25_rag,euvsdisinfo,ARABIC|Arabic|English|RU|Russian,,,0.0,,,,,2
camp_396,Organic Trend,Western powers allegedly seek to divide Ukraine and exploit its conflict for geopolitical and financial gain.,bm25_rag,euvsdisinfo,English|Georgian|RU|Russian|Ukrainian,,,0.0,,,,,3
camp_303,Organic Trend,Foreign actors are allegedly using disinformation to provoke conflict and undermine democratic processes in Eastern Europe.,bm25_rag,euvsdisinfo,DE|EN|RU,,,0.0,,,,,2
camp_41,Organic Trend,US policy towards Ukraine and Russia is shifting amid internal political debates and changing geopolitical realities.,bm25_rag,euvsdisinfo,ARABIC|EN|RU|SERBIAN,,,0.0,,,,,2
camp_337,Organic Trend,"The provided claims cover diverse topics, including genetic modification, political parties, Moldovan politics, visa policies, and Crimean Tatar issues.",bm25_rag,euvsdisinfo,EN|HUNGARIAN|RU,,,0.0,,,,,2
camp_366,Organic Trend,"Investigations into the MH17 crash are shifting blame, suggesting innocence despite sanctions impacting airlines.",bm25_rag,euvsdisinfo,EN|English|Romanian|Ukrainian,,,0.0,,,,,2
camp_382,Organic Trend,"Political actions and disinformation campaigns are undermining global narratives regarding vaccination, elections, and past tragedies.",bm25_rag,euvsdisinfo,EN|English|RU,,,0.0,,,,,2
camp_84,Organic Trend,"Climate change science is disputed, with claims challenging data accuracy and the viability of renewable energy solutions.",bm25_rag,euvsdisinfo,EN|ES|English,,,0.0,,,,,3
camp_292,Organic Trend,External factors and instability complicate international oversight of the Zaporizhzhia NPP and travel advisories.,bm25_rag,euvsdisinfo,ARMENIAN|EN|RU|Russian,,,0.0,,,,,2
camp_432,Organic Trend,Foreign actors are allegedly funding political campaigns and orchestrating movements to influence elections and territorial claims.,bm25_rag,euvsdisinfo,Arabic|English|Russian,,,0.0,,,,,2
camp_318,Organic Trend,Geopolitical tensions require strong Western responses while economic integration faces internal and external pressures.,bm25_rag,euvsdisinfo,English|Russian|Ukrainian,,,0.0,,,,,2
camp_247,Organic Trend,"External powers manipulate Ukraine to provoke conflict, challenging Russia's interests and leading to military escalation.",bm25_rag,euvsdisinfo,ARABIC|English|RU,,,0.0,,,,,2
camp_234,Organic Trend,"The provided claims touch upon historical persecution, contemporary political repression, and differing views on societal safety.",bm25_rag,euvsdisinfo,Arabic|EN|English|Russian,,,0.0,,,,,2
camp_32,Organic Trend,Nationalist and isolationist forces are destabilizing the EU while geopolitical shifts demand European cooperation.,bm25_rag,euvsdisinfo,English|German|RU|Russian,,,0.0,,,,,2
camp_196,Organic Trend,"Russian military actions in Ukraine are alleged war crimes, while external powers complicate the regional stability.",bm25_rag,euvsdisinfo,EN|English|HUNGARIAN|RU,,,0.0,,,,,2
camp_253,Organic Trend,"These claims suggest geopolitical tensions involving historical revisionism, perceived bias in international alliances, and regional instability.",bm25_rag,euvsdisinfo,ARABIC|ARMENIAN|EN|English|RU|Russian,,,0.0,,,,,3
camp_202,Organic Trend,US intelligence is allegedly funding opposition in Eastern Europe while Russia criticizes Western actions in global conflicts.,bm25_rag,euvsdisinfo,Arabic|Russian,,,0.0,,,,,2
camp_9,Organic Trend,Western powers are accused of misrepresenting aid delivery and unfairly blaming Russia for incidents.,bm25_rag,euvsdisinfo,English|Russian|Spanish,,,0.0,,,,,2
camp_207,Organic Trend,"Russia alleges external forces, particularly the US, instigated the Ukrainian crisis and are conducting cyberattacks against Russia.",bm25_rag,euvsdisinfo,ARABIC|Arabic|EN|English|GEORGIAN|RU|Russian,,,0.0,,,,,3
camp_440,Organic Trend,"Internal corruption and government overreach are the primary threats to Ukraine, overshadowing external military concerns.",bm25_rag,euvsdisinfo,EN|HUNGARIAN|RU,,,0.0,,,,,2
camp_153,Organic Trend,Russia's aggression and claims of security threats are juxtaposed against Ukraine's decommunization efforts and civilian casualties.,bm25_rag,euvsdisinfo,English|Russian,,,0.0,,,,,2
camp_290,Organic Trend,"These claims suggest geopolitical maneuvering involving economic narratives, international pressure, and alleged foreign interference.",bm25_rag,euvsdisinfo,Arabic|German|Russian|Slovak,,,0.0,,,,,2
camp_326,Organic Trend,"Western actions, including media campaigns and energy policies, are framed as provocative containment against Russia.",bm25_rag,euvsdisinfo,ARABIC|EN|English|RU|Russian,,,0.0,,,,,3
camp_429,Organic Trend,Local authorities are allegedly influenced by diaspora groups while regional identities align with Russia and European integration.,bm25_rag,euvsdisinfo,Arabic|English|FINNISH|RU,,,0.0,,,,,2
camp_95,Organic Trend,"Various global issues include nuclear monitoring, debt relief debates, political violence claims, educational policy shifts, and student academic performance.",bm25_rag,euvsdisinfo,EN|English|RU|Russian,,,0.0,,,,,2
camp_77,Organic Trend,"African manufacturing faces long-term challenges despite major industry deals, while geopolitical tensions persist in Europe.",bm25_rag,euvsdisinfo,ARABIC|EN|English|RU|Russian,,,0.0,,,,,2
camp_308,Organic Trend,Authorities are allegedly suppressing truths about past events while current political tensions involve Crimea and detentions.,bm25_rag,euvsdisinfo,EN|English|Russian,,,0.0,,,,,3
camp_397,Organic Trend,Various actors are accused of manipulating narratives and concealing evidence regarding political events in Russia and Ukraine.,bm25_rag,euvsdisinfo,DE|EN|English|German|RU|Russian,,,0.0,,,,,3
camp_394,Organic Trend,NATO's post-Cold War restructuring and denials regarding chemical weapons suggest geopolitical shifts and disputed historical narratives.,bm25_rag,euvsdisinfo,ARABIC|EN|RU,,,0.0,,,,,2
camp_88,Organic Trend,"Misinformation narratives span alleged animal manipulation, government economic shifts, and politically charged media bans.",bm25_rag,euvsdisinfo,EN|RU,,,0.0,,,,,2
camp_16,Organic Trend,"Western powers and the US are accused of interfering in Russia's affairs, including poisoning Navalny and destabilizing regions.",bm25_rag,euvsdisinfo,Arabic|EN|English|HUNGARIAN|RU|Spanish,,,0.0,,,,,2
camp_45,Organic Trend,Russian authorities are suppressing political opposition while global health and education systems face ongoing changes and scrutiny.,bm25_rag,euvsdisinfo,ARABIC|Arabic|EN|English,,,0.0,,,,,2
camp_47,Organic Trend,"Narratives are shifting across diverse topics, from historical anti-Semitism to healthcare language and geopolitical tensions.",bm25_rag,euvsdisinfo,EN|English|FR|Russian|UK,,,0.0,,,,,2
camp_219,Organic Trend,"Nazism is gaining influence in Europe, while international stances on the Ukraine war remain politically contested.",bm25_rag,euvsdisinfo,ARABIC|CS|EN|RU,,,0.0,,,,,2
camp_330,Organic Trend,A coordinated negative PR campaign is targeting a political party amid allegations of illicit funding and Nazism glorification.,bm25_rag,euvsdisinfo,ARABIC|English|RU|Russian,,,0.0,,,,,2
camp_155,Organic Trend,Governments are actively managing domestic policies while regional geopolitical tensions remain high.,bm25_rag,euvsdisinfo,English|GEORGIAN|RU|Spanish|UK,,,0.0,,,,,2
camp_97,Organic Trend,Russian actors are allegedly involved in schemes to interfere with Ukrainian politics and distribute questionable vaccines.,bm25_rag,euvsdisinfo,EN|English|RU|Russian|Spanish,,,0.0,,,,,2
camp_269,Organic Trend,"Geopolitical tensions are fueling vaccine narratives, with claims involving Russia, China, the EU, and Ukraine.",bm25_rag,euvsdisinfo,Arabic|EN|RU|Russian,,,0.0,,,,,2
camp_188,Organic Trend,"Political figures face scrutiny over national initiatives, anti-Czech sentiment, and unproven foreign influence allegations.",bm25_rag,euvsdisinfo,Arabic|Czech|English,,,0.0,,,,,2
camp_78,Organic Trend,Child protection statistics show a recent and ongoing decrease in the number of children receiving mandatory services.,bm25_rag,euvsdisinfo,Arabic|English|NORWEGIAN|NORWEGIAN NYNORSK|Norwegian|Norwegian Nynorsk,,,0.0,,,,,2
camp_439,Organic Trend,"African manufacturing faces long-term challenges despite major industry deals, while other geopolitical narratives involve dismissed claims and failed projects.",bm25_rag,euvsdisinfo,EN|RU,,,0.0,,,,,2
camp_261,Organic Trend,Allegations of state torture against Lukashenko are being documented and widely circulated through various media channels.,bm25_rag,euvsdisinfo,Arabic|English|Russian|Spanish,,,0.0,,,,,2
camp_285,Organic Trend,International scrutiny questions the impartiality of investigations into government-driven economic and chemical program shifts.,bm25_rag,euvsdisinfo,ARABIC|Arabic|RU|Russian,,,0.0,,,,,2
camp_111,Organic Trend,"Global instability and financial collapse are fueling a rise in nationalist, isolationist movements challenging established international structures.",bm25_rag,euvsdisinfo,ARABIC|EN|RU|Russian|UK,,,0.0,,,,,3
camp_42,Organic Trend,NATO's alleged ambitions in Crimea are cited by Russia to justify its defense posture against Ukrainian actions.,bm25_rag,euvsdisinfo,English|Russian,,,0.0,,,,,2
camp_99,Organic Trend,"The origins of COVID-19 are disputed, with official investigations finding no conclusive link to Wuhan.",bm25_rag,euvsdisinfo,Arabic|English|Russian,,,0.0,,,,,2
camp_85,Organic Trend,"Various actors are accused of covertly undermining Russian interests through sabotage, biological threats, and political infiltration.",bm25_rag,euvsdisinfo,EN|ES|HUNGARIAN|PL|RU,,,0.0,,,,,2
camp_140,Organic Trend,"Misinformation mixes false claims about past information, government misuse, and current geopolitical or weather events.",bm25_rag,euvsdisinfo,CS|EN|RU,,,0.0,,,,,2
camp_272,Organic Trend,"German views on threats are divided, while Europe must bolster defense without forming a separate army amid US decline.",bm25_rag,euvsdisinfo,ARABIC|GEORGIAN|RU,,,0.0,,,,,2
camp_160,Organic Trend,"Western influence pressures Arab nations, while political figures face accusations of misconduct and diplomatic inconsistency.",bm25_rag,euvsdisinfo,ARABIC|EN|English|RU|Russian,,,0.0,,,,,2
camp_11,Organic Trend,"Misinformation narratives link geopolitical conflicts, immigration crises, and international relations through deceptive claims.",bm25_rag,euvsdisinfo,Arabic|CS|EN|English|RU|Russian,,,0.0,,,,,9
camp_299,Organic Trend,Western powers are allegedly engineering chaos in Eastern Europe to destabilize nations and advance geopolitical agendas.,bm25_rag,euvsdisinfo,ARABIC|CS|EN|RU,,,0.0,,,,,2
camp_314,Organic Trend,Misinformation narratives falsely portray the EU as weak while alleging US involvement in biological warfare and organ trafficking.,bm25_rag,euvsdisinfo,ARABIC|Armenian|EN|English|FR|Georgian,,,0.0,,,,,2
camp_222,Organic Trend,"Russian accusations of biological warfare, mixed reports on political meetings, and alleged Ukrainian military abuses form a complex narrative of conflict.",bm25_rag,euvsdisinfo,ARABIC|Italian|PL|RU,,,0.0,,,,,2
camp_161,Organic Trend,"Wealthy Russian figures use offshore networks, while alternative theories challenge official events and call for more sanctions.",bm25_rag,euvsdisinfo,English|Russian,,,0.0,,,,,2
camp_258,Organic Trend,"Geopolitical actors are using economic and military pressure to influence Ukraine, often through international forums.",bm25_rag,euvsdisinfo,EN|ES|RU,,,0.0,,,,,2
camp_186,Organic Trend,European institutions are failing to protect citizens from rising antisemitic violence while political processes face manipulation.,bm25_rag,euvsdisinfo,English|French|GEORGIAN|RU|Russian,,,0.0,,,,,2
camp_163,Organic Trend,"These claims involve accusations of government deception, hidden pasts, and alleged criminal acts by vulnerable populations.",bm25_rag,euvsdisinfo,EN|RU|Russian|Spanish,,,0.0,,,,,2
camp_338,Organic Trend,Western support for Ukraine and regional political dynamics are influenced by diverse international opinions.,bm25_rag,euvsdisinfo,Hungarian|Russian|Ukrainian,,,0.0,,,,,2
camp_89,Organic Trend,"International alliances face crises, while specific incidents are linked to cover-ups and comparisons to past atrocities.",bm25_rag,euvsdisinfo,ARABIC|EN|RU,,,0.0,,,,,2
camp_175,Organic Trend,"Russia allegedly uses private military groups to secure resources while Ukraine receives continued, though evolving, international military support.",bm25_rag,euvsdisinfo,ARABIC|ARMENIAN|EN|RU|UK,,,0.0,,,,,3
camp_288,Organic Trend,"The provided claims cover diverse, unrelated topics spanning regional politics, international human rights, and economic regulations.",bm25_rag,euvsdisinfo,EN|HUNGARIAN|RU,,,0.0,,,,,2
camp_257,Organic Trend,"The conflict in Ukraine involves intense military action, complicated by internal political dynamics and external geopolitical pressures.",bm25_rag,euvsdisinfo,EN|English|FR|Italian|RU|Russian,,,0.0,,,,,3
camp_385,Organic Trend,"Misinformation campaigns are undermining public trust in political figures, scientific progress, and global health initiatives.",bm25_rag,euvsdisinfo,Russian|Ukrainian,,,0.0,,,,,2
camp_139,Organic Trend,"Accusations against Russia are politically motivated distractions, while alternative theories point to Ukrainian involvement or overreactions.",bm25_rag,euvsdisinfo,Arabic|FINNISH|RU|Russian,,,0.0,,,,,2
camp_187,Organic Trend,"Misinformation circulates regarding global control, pandemic origins, and vaccine efficacy.",bm25_rag,euvsdisinfo,ARABIC|EN|FR,,,0.0,,,,,2
camp_273,Organic Trend,"European political actions, separatist efforts, and Georgian policy changes are subjects of current international scrutiny.",bm25_rag,euvsdisinfo,ARABIC|Arabic|Russian,,,0.0,,,,,2
camp_130,Organic Trend,"Obama recognized Russia's growing influence in the Middle East, while some support Trump for managing US-Russia relations.",bm25_rag,euvsdisinfo,English|Russian,,,0.0,,,,,2
camp_419,Organic Trend,"Poland faces persistent economic hardship, failing public services, and multiple community crises.",bm25_rag,euvsdisinfo,EN|ES|RU,,,0.0,,,,,2
camp_154,Organic Trend,Platforms are addressing coordinated inauthentic behavior while geopolitical actors engage in strategic influence operations.,bm25_rag,euvsdisinfo,ARABIC|EN,,,0.0,,,,,2
camp_246,Organic Trend,Russian state actors and US influence are allegedly manipulating information platforms and medical decisions.,bm25_rag,euvsdisinfo,Arabic|English|Russian,,,0.0,,,,,2
camp_313,Organic Trend,"Disputed narratives surround chemical weapons elimination, territorial claims, historical atrocities, and weapon diversion.",bm25_rag,euvsdisinfo,English|RU|Russian,,,0.0,,,,,2
camp_274,Organic Trend,External powers and internal actors are allegedly manipulating events to control nations and target specific groups.,bm25_rag,euvsdisinfo,ITALIAN|RU|Russian,,,0.0,,,,,2
camp_414,Organic Trend,Geopolitical tensions and alleged threats are driving strategic shifts while misinformation circulates about health risks and foreign intelligence operations.,bm25_rag,euvsdisinfo,Arabic|English|Finnish|Russian,,,0.0,,,,,2
camp_98,Organic Trend,US aid policies are allegedly fueling global religious conflicts while geopolitical tensions involve disputed events and cyberattacks.,bm25_rag,euvsdisinfo,ARABIC|Arabic|English|Russian|UK|Ukrainian,,,0.0,,,,,2
camp_287,Organic Trend,"External actors are undermining Ukrainian, Georgian, and Syrian narratives through perceived betrayals and disinformation.",bm25_rag,euvsdisinfo,English|RU|Russian,,,0.0,,,,,2
camp_271,Organic Trend,Europeans are considering registering Russian and Chinese vaccines despite geopolitical tensions and security concerns.,bm25_rag,euvsdisinfo,Arabic|English|German|Russian,,,0.0,,,,,2
camp_243,Organic Trend,"Ukrainian elites are allegedly controlled by the West, while Russia provides aid amid disputed Minsk Agreement implementation in Donbas.",bm25_rag,euvsdisinfo,EN|RU|Russian,,,0.0,,,,,2
camp_275,Organic Trend,"Misinformation circulates regarding European actions against Russia, vaccine safety, and alleged antisemitic violence.",bm25_rag,euvsdisinfo,Arabic|EN|RU|Ukrainian,,,0.0,,,,,2
camp_265,Organic Trend,"The misinformation centers on presenting specific, often disputed, historical population and death rate statistics for Poland.",bm25_rag,euvsdisinfo,English|Russian,,,0.0,,,,,2
camp_68,Organic Trend,"Misinformation narratives promote unproven natural cures, question vaccine safety and efficacy, and allege conspiracy surrounding COVID-19.",bm25_rag,euvsdisinfo,ARABIC|Arabic|EN|English|Georgian|PL|RU|Russian,,,0.0,,,,,3
camp_353,Organic Trend,"Belarus views US actions as hostile, complicating diplomacy despite aid reception and evidence contradicting Russian denials.",bm25_rag,euvsdisinfo,ARABIC|EN|English|Italian|RU|Russian,,,0.0,,,,,2
camp_170,Organic Trend,Political maneuvering and alleged threats fuel narratives about Ukrainian involvement in detentions and power struggles.,bm25_rag,euvsdisinfo,EN|RU|UK,,,0.0,,,,,2
camp_113,Organic Trend,"These claims reflect geopolitical disputes, political accusations, and historical revisionism among world powers.",bm25_rag,euvsdisinfo,ARABIC|Arabic|EN|English|RU|Russian,,,0.0,,,,,2
camp_134,Organic Trend,"Specific regional crises, including health disparities, demographic decline, and infrastructure sabotage, are straining various global systems.",bm25_rag,euvsdisinfo,Arabic|EN|English|HUNGARIAN|Lithuanian|RU,,,0.0,,,,,2
camp_235,Organic Trend,External actors are allegedly threatening Ukraine through military buildup and political interference.,bm25_rag,euvsdisinfo,EN|English|RU|Russian|UK,,,0.0,,,,,2
camp_96,Organic Trend,"Western powers are accused of orchestrating political interference through financing, election manipulation, and military training.",bm25_rag,euvsdisinfo,Arabic|EN|RU|Russian,,,0.0,,,,,3
camp_24,Organic Trend,International actors question the conflict while condemning atrocities and demanding Russia's withdrawal from occupied territories.,bm25_rag,euvsdisinfo,ARABIC|Czech|EN|Russian,,,0.0,,,,,2
camp_181,Organic Trend,Russian protests reflect public dissatisfaction with the current political climate and perceived lack of freedom.,bm25_rag,euvsdisinfo,English|Hungarian|Russian,,,0.0,,,,,2
camp_3,Organic Trend,"The provided claims cover diverse, unrelated topics, making a single central claim impossible to formulate.",bm25_rag,euvsdisinfo,ARABIC|Arabic|EN|English|GEORGIAN|Georgian|ITALIAN|Russian|UK,,,0.0,,,,,9
camp_141,Organic Trend,"International political tensions are manifesting through travel restrictions, organizational interference, and diplomatic maneuvering.",bm25_rag,euvsdisinfo,EN|RU,,,0.0,,,,,2
camp_423,Organic Trend,"Geopolitical tensions involve Ukraine's energy choices, EU aid negotiations, and the political fallout surrounding Navalny.",bm25_rag,euvsdisinfo,ARABIC|EN|English|RU,,,0.0,,,,,2
camp_148,Organic Trend,Russian actions and alleged biolab activities suggest a dangerous geopolitical conflict involving state-sponsored threats.,bm25_rag,euvsdisinfo,Arabic|EN|English|RU|Russian,,,0.0,,,,,2
camp_138,Organic Trend,Misinformation narratives often obscure military actions or exaggerate geopolitical events involving Russia and Ukraine.,bm25_rag,euvsdisinfo,DE|English|RU|Russian,,,0.0,,,,,2
camp_176,Organic Trend,"The war in Ukraine has caused severe humanitarian crises, while the nation simultaneously addresses internal governance issues.",bm25_rag,euvsdisinfo,English|Russian,,,0.0,,,,,2
camp_220,Organic Trend,Western influence is allegedly pressuring nations like Moldova and impacting regional stability in the Balkans.,bm25_rag,euvsdisinfo,English|Russian,,,0.0,,,,,2
camp_267,Organic Trend,"These disparate claims cover financial incentives, health disparities, governmental updates, and international assurances.",bm25_rag,euvsdisinfo,ARABIC|EN|GEORGIAN|RU,,,0.0,,,,,2
camp_372,Organic Trend,"Global instability, including war and health crises, is being managed by political actors while official data remains questionable.",bm25_rag,euvsdisinfo,Arabic|EN|English|RU|Russian,,,0.0,,,,,2
camp_197,Organic Trend,Georgia is modernizing its infrastructure while maintaining cultural ties with neighboring nations amidst geopolitical tensions.,bm25_rag,euvsdisinfo,English|Georgian|Norwegian|Russian,,,0.0,,,,,2
camp_242,Organic Trend,Western actions are framed as a coordinated campaign to undermine Russia while alleging surveillance and atrocities.,bm25_rag,euvsdisinfo,Arabic|RU|SK,,,0.0,,,,,2
camp_282,Organic Trend,"Russian defense systems are capable of countering US threats, while political discourse involves past controversies and business influence.",bm25_rag,euvsdisinfo,EN|GEORGIAN|RU,,,0.0,,,,,2
camp_203,Organic Trend,"Russia claims Crimea's annexation is legal, while globalist opposition targets potential US political shifts.",bm25_rag,euvsdisinfo,ARABIC|CS|Georgian|RU,,,0.0,,,,,2
camp_86,Organic Trend,"Global elites and political forces are allegedly using crises to advance agendas of control, migration, and outdated geopolitical conflicts.",bm25_rag,euvsdisinfo,ARABIC|EN|RU|Russian,,,0.0,,,,,3
camp_426,Organic Trend,Russian military actions and international sanctions are linked to civilian harm and vaccine scrutiny.,bm25_rag,euvsdisinfo,Arabic|English|RU|Russian|UK,,,0.0,,,,,2
camp_159,Organic Trend,Western actions are undermining the global order while Russian military failures and civilian deaths remain disputed.,bm25_rag,euvsdisinfo,EN|English|RU|Russian|Ukrainian,,,0.0,,,,,2
camp_83,Organic Trend,"These claims present specific narratives regarding cultural shifts, international organizations, and information sources.",bm25_rag,euvsdisinfo,ARABIC|Arabic|English|Hungarian|RU|Russian,,,0.0,,,,,2
camp_128,Organic Trend,Western powers are accused of hypocrisy and influencing global narratives while undermining local systems.,bm25_rag,euvsdisinfo,Arabic|Norwegian Nynorsk|Russian,,,0.0,,,,,2
camp_39,Organic Trend,The US is perceived as driving crises while simultaneously engaging in politically charged international actions.,bm25_rag,euvsdisinfo,ARABIC|English|FINNISH|Georgian|RU|Russian,,,0.0,,,,,2
camp_21,Organic Trend,"Disputes surround geopolitical tensions, Rodchenkov's testimony, and the analysis of substances like the ""Duchess cocktail.""",bm25_rag,euvsdisinfo,Arabic|English|RU,,,0.0,,,,,2
camp_237,Organic Trend,"International agreements and geopolitical actions are being undermined by political interference, black markets, and contested claims.",bm25_rag,euvsdisinfo,Czech|EN|English|RU|Russian,,,0.0,,,,,3
camp_356,Organic Trend,"Sanctions against Belarus are undermined by Russian support, while media censorship and misinformation remain contested issues.",bm25_rag,euvsdisinfo,EN|Georgian|RU|Russian,,,0.0,,,,,2
camp_422,Organic Trend,"The COVID-19 crisis is framed as a manufactured event, potentially involving US military interests, to serve economic and geopolitical agendas.",bm25_rag,euvsdisinfo,Arabic|English|Russian,,,0.0,,,,,2
camp_409,Organic Trend,"Perceptions of geopolitical threats are shifting, with regional views questioning established alliances and power dynamics.",bm25_rag,euvsdisinfo,Arabic|English|Russian,,,0.0,,,,,2
camp_169,Organic Trend,Political and economic anxieties surrounding the pandemic are intertwined with fears of escalating violence and geopolitical conflict.,bm25_rag,euvsdisinfo,EN|RU|Russian,,,0.0,,,,,2
camp_324,Organic Trend,"Allegations involve mishandling of dangerous biological materials, vaccine controversies, and historical cover-ups.",bm25_rag,euvsdisinfo,ARABIC|ES|English|RU|Ukrainian,,,0.0,,,,,2
camp_345,Organic Trend,"Governments are facing scrutiny over military actions, election integrity, and the use of state power.",bm25_rag,euvsdisinfo,Arabic|English|Russian,,,0.0,,,,,2
camp_49,Organic Trend,"Geopolitical tensions are highlighted by disputed elections, international negotiations, and accusations of hostile foreign agendas.",bm25_rag,euvsdisinfo,ARABIC|ARMENIAN|Arabic|EN|English|Hungarian|RU|Russian|Spanish|Ukrainian,,,0.0,,,,,14
camp_23,Organic Trend,"US intervention in Afghanistan failed due to flawed assumptions, elite mismanagement, and an inability to address complex local realities.",bm25_rag,euvsdisinfo,ARABIC|Arabic|EN|English|FR|RU|Russian|Spanish,,,0.0,,,,,2
camp_348,Organic Trend,"European populations increasingly view Russia as a primary threat, questioning regional alliances and diplomatic actions.",bm25_rag,euvsdisinfo,EN|GEORGIAN|RU|Russian,,,0.0,,,,,2
camp_180,Organic Trend,"Navalny's poisoning, US interference, and Russian anti-gay laws highlight systemic political and human rights issues in Russia.",bm25_rag,euvsdisinfo,Arabic|EN|ES|English|Russian,,,0.0,,,,,2
camp_322,Organic Trend,Political and infrastructural changes are occurring amid calls for fair elections and regional tensions.,bm25_rag,euvsdisinfo,ARABIC|BELARUSIAN|DE|GEORGIAN|RU,,,0.0,,,,,3
camp_198,Organic Trend,Syria claims chemical disarmament while media allegedly hides military defeats and Russia warns against US provocations.,bm25_rag,euvsdisinfo,ARABIC|Arabic|English|HUNGARIAN|RU|Russian,,,0.0,,,,,2
camp_329,Organic Trend,The Russian state enforces strict control over public expression while allegedly engaging in aggressive actions abroad.,bm25_rag,euvsdisinfo,Arabic|EN|English|Russian,,,0.0,,,,,2
camp_22,Organic Trend,Geopolitical events are being manipulated or misrepresented by media and political actors to serve hidden agendas.,bm25_rag,euvsdisinfo,ARABIC|Arabic|DE|EN|ES|Finnish|RU,,,0.0,,,,,4
camp_217,Organic Trend,"Global geopolitical tensions are manifesting through localized anti-Ukrainian sentiment, ongoing pandemic effects, and naval arms races.",bm25_rag,euvsdisinfo,EN|RU,,,0.0,,,,,2
camp_14,Organic Trend,"Russia's aggression in Ukraine is framed by some as a defense against NATO expansion, amidst ongoing regional political shifts.",bm25_rag,euvsdisinfo,EN|English|RU|Russian,,,0.0,,,,,3
camp_227,Organic Trend,"These claims reflect contested narratives regarding humanitarian crises, historical events, and international political disputes.",bm25_rag,euvsdisinfo,Arabic|EN|ES|English|GEORGIAN|Polish|Russian,,,0.0,,,,,3
camp_165,Organic Trend,The narrative suggests Western media misrepresents Ukrainian actions while questioning the origins and use of chemical weapons like Novichok.,bm25_rag,euvsdisinfo,EN|ES|RU,,,0.0,,,,,2
camp_309,Organic Trend,NATO's actions and covert operations are framed as necessary provocations to support Ukraine against opposing forces.,bm25_rag,euvsdisinfo,Russian|UK|Ukrainian,,,0.0,,,,,2
camp_270,Organic Trend,Soros's alleged bias and geopolitical maneuvering are linked to narratives involving Russian actions and US health concerns.,bm25_rag,euvsdisinfo,ARABIC|EN|RU,,,0.0,,,,,2
camp_204,Organic Trend,Political forces manipulate public focus by diverting attention from racial issues to COVID-19 and globalist agendas.,bm25_rag,euvsdisinfo,EN|RU,,,0.0,,,,,2
camp_370,Organic Trend,Russian officials are scrutinizing US claims while political tensions involve historical accountability and threats to critics.,bm25_rag,euvsdisinfo,ARABIC|EN|English|RU|Russian,,,0.0,,,,,2
camp_361,Organic Trend,"Global economic trends are characterized by fluctuating investment, trade tensions, and evolving government industrial policies.",bm25_rag,euvsdisinfo,Arabic|EN|Russian,,,0.0,,,,,2
camp_72,Organic Trend,"The subject matter involves high-stakes, dangerous situations characterized by severe conflict and shocking violence.",bm25_rag,euvsdisinfo,EN|RU,,,0.0,,,,,2
camp_27,Organic Trend,"Misinformation narratives currently circulate regarding Cuban shortages, Biden's alleged influence in Ukraine, and rising antisemitic violence.",bm25_rag,euvsdisinfo,EN|FR|RU,,,0.0,,,,,2
camp_418,Organic Trend,Kazakhstan's instability highlights the need for collective security while military movements in Ukraine remain strategically opaque.,bm25_rag,euvsdisinfo,Arabic|EN|RU,,,0.0,,,,,2
camp_363,Organic Trend,"Political power struggles involve hidden agendas, strategic maneuvering, and allegations of electoral fraud.",bm25_rag,euvsdisinfo,EN|RU|SERBIAN,,,0.0,,,,,2
camp_168,Organic Trend,"Geopolitical tensions involve conflicts, border disputes, and international sanctions impacting Russia.",bm25_rag,euvsdisinfo,Arabic|English|Slovak|Ukrainian,,,0.0,,,,,2
camp_106,Organic Trend,"These disparate claims involve alleged political interference, scientific research practices, and shifts in international travel patterns.",bm25_rag,euvsdisinfo,English|Georgian|Russian,,,0.0,,,,,2
camp_254,Organic Trend,"US policy appears inconsistent, favoring certain allies while criticizing energy projects and facing international defense challenges.",bm25_rag,euvsdisinfo,ARABIC|EN|RU|UK,,,0.0,,,,,2
camp_158,Organic Trend,Political actions are hindering official recognition of historical atrocities and threats to essential medical supplies.,bm25_rag,euvsdisinfo,EN|GEORGIAN|RU,,,0.0,,,,,2
camp_360,Organic Trend,"Hezbollah's potential use of AI drones mirrors regional military tech, while geopolitical disputes persist over Ukraine and Western territories.",bm25_rag,euvsdisinfo,Arabic|EN|RU|Russian,,,0.0,,,,,2
camp_55,Organic Trend,"Authorities are allegedly coercing confessions and staging events, with international actors involved in re-examining evidence.",bm25_rag,euvsdisinfo,English|Russian|Ukrainian,,,0.0,,,,,2
camp_131,Organic Trend,Russia is accused of pursuing a genocidal campaign against Ukraine while international actors express reservations about the conflict's outcome.,bm25_rag,euvsdisinfo,ARABIC|Arabic|EN|RU|Russian,,,0.0,,,,,2
camp_232,Organic Trend,"Government actions and political tensions are fueling unrest, division, and concerns over electoral integrity in Ukraine.",bm25_rag,euvsdisinfo,English|Russian|Ukrainian,,,0.0,,,,,2
camp_184,Organic Trend,"Misinformation narratives involve alleged political interference, shifting travel trends, and persecution of journalists.",bm25_rag,euvsdisinfo,AZERBAIJANI|EN|English|GEORGIAN|RU,,,0.0,,,,,3
camp_359,Organic Trend,Russian public trust in Putin is declining amid geopolitical disputes and questions about international narratives.,bm25_rag,euvsdisinfo,Azerbaijani|Russian,,,0.0,,,,,2
camp_301,Organic Trend,External pressures and political shifts are undermining Moldova's efforts against Russian influence in Transnistria.,bm25_rag,euvsdisinfo,Arabic|English|Russian,,,0.0,,,,,2
camp_291,Organic Trend,Russia is preparing for a military offensive while Ukraine faces internal collapse amid global economic instability.,bm25_rag,euvsdisinfo,Arabic|English|RU|Russian,,,0.0,,,,,2
camp_62,Organic Trend,"Global events include legislative changes, security incidents, political poisoning allegations, and international democratic monitoring.",bm25_rag,euvsdisinfo,EN|English|Russian|UK,,,0.0,,,,,2
camp_199,Organic Trend,Western media narratives are criticized for framing the conflict while downplaying Russian aggression and Ukrainian concerns.,bm25_rag,euvsdisinfo,English|French|German|Russian,,,0.0,,,,,2
camp_107,Organic Trend,Global economic disparities and geopolitical tensions are driving migration and international conflict.,bm25_rag,euvsdisinfo,Arabic|EN|English,,,0.0,,,,,2
camp_152,Organic Trend,European water security and geopolitical tensions are complicated by regional military activities and internal political divisions.,bm25_rag,euvsdisinfo,EN|ES|RU,,,0.0,,,,,2
camp_377,Organic Trend,"Geopolitical actors are signaling shifts in international alignments, including regarding European integration and regional conflicts.",bm25_rag,euvsdisinfo,EN|RU,,,0.0,,,,,2
camp_295,Organic Trend,"Western entities are misrepresenting geopolitical events, including climate action and military aid, to unfairly target Russia.",bm25_rag,euvsdisinfo,Belarusian|EN|ES|RU|Russian,,,0.0,,,,,2
camp_177,Organic Trend,"Russian authorities are targeting financial entities, while international sports and historical narratives face political scrutiny.",bm25_rag,euvsdisinfo,EN|RU|UK,,,0.0,,,,,2
camp_190,Organic Trend,Western nations are allegedly pressuring Russia while Ukrainian authorities utilize foreign conflicts to manage domestic political factions.,bm25_rag,euvsdisinfo,ARABIC|Arabic|EN|RU|Russian|UK,,,0.0,,,,,4
camp_28,Organic Trend,"Various nations are facing international scrutiny over political actions, alleged attacks, and information warfare.",bm25_rag,euvsdisinfo,ARABIC|Arabic|English|Georgian|RU,,,0.0,,,,,2
camp_380,Organic Trend,"International political and administrative hurdles, including lack of UN approval and varied national pressures, impede mission success.",bm25_rag,euvsdisinfo,EN|ES|RU,,,0.0,,,,,2
camp_333,Organic Trend,"These disparate claims cover historical politics, geopolitical conflict escalation, and specific political figures.",bm25_rag,euvsdisinfo,English|Russian,,,0.0,,,,,2
camp_76,Organic Trend,Russia and Cuba are allegedly leveraging energy and political support to undermine Western pressure on Ukraine.,bm25_rag,euvsdisinfo,Afrikaans|EN|ES|Hungarian|Russian,,,0.0,,,,,2
camp_125,Organic Trend,"Misinformation narratives involve geopolitical conflict, unsubstantiated origins of the coronavirus, and state support for specific vaccines.",bm25_rag,euvsdisinfo,ARABIC|Arabic|EN|English|RU|UK|Ukrainian,,,0.0,,,,,4
camp_259,Organic Trend,Russian influence and support for separatist movements in Ukraine are evidenced by various intelligence and media reports.,bm25_rag,euvsdisinfo,Armenian|EN|English|French|LITHUANIAN|RU|Russian,,,0.0,,,,,4
camp_38,Organic Trend,"Russian narratives frame geopolitical events, like NATO expansion and incidents, as existential threats or successful intelligence operations.",bm25_rag,euvsdisinfo,EN|German|RU|Russian,,,0.0,,,,,3
camp_289,Organic Trend,The EU is criticized for selectively applying Western norms while undermining democratic principles in its dealings with Russia.,bm25_rag,euvsdisinfo,ARABIC|CS|English|Georgian|RU|Spanish,,,0.0,,,,,2
camp_126,Organic Trend,"Allegations suggest hidden truths, exaggerated threats, and questionable actions by various political and military entities.",bm25_rag,euvsdisinfo,ARABIC|EN|RU,,,0.0,,,,,2
camp_70,Organic Trend,Misinformation mixes unsubstantiated claims about cannabis risks with speculative military superiority narratives.,bm25_rag,euvsdisinfo,GEORGIAN|RU,,,0.0,,,,,2
camp_2,Organic Trend,"Misinformation circulates regarding Turkish military activity, Ukrainian election integrity, future pension crises, and alleged US biological warfare testing.",bm25_rag,euvsdisinfo,ARABIC|Arabic|EN|English|RU|Russian|Ukrainian,,,0.0,,,,,3
camp_56,Organic Trend,"Political maneuvering and geopolitical shifts are influencing major international decisions regarding Brexit, energy, and election integrity.",bm25_rag,euvsdisinfo,EN|English|Ukrainian,,,0.0,,,,,2
camp_415,Organic Trend,"US foreign policy aims to build democratic alliances against global threats, while other claims involve secret biological experiments and political controversies.",bm25_rag,euvsdisinfo,English|Polish|RU|Spanish,,,0.0,,,,,3
camp_425,Organic Trend,"European inaction, threats against journalists, and the need for unified sanctions highlight international failures regarding Russia.",bm25_rag,euvsdisinfo,Arabic|English|Russian,,,0.0,,,,,2
camp_311,Organic Trend,Misinformation narratives are used to frame geopolitical events and sow domestic distrust in democratic processes.,bm25_rag,euvsdisinfo,ARABIC|EN|English|RU|Russian,,,0.0,,,,,2
camp_146,Organic Trend,Political instability and economic crises are fueling internal conflict and calls for systemic change across various nations.,bm25_rag,euvsdisinfo,Arabic|EN|English|Hungarian|RU|Russian,,,0.0,,,,,4
camp_390,Organic Trend,Specific events challenge broad assumptions about historical interconnectedness and geopolitical actions.,bm25_rag,euvsdisinfo,ARABIC|Arabic|EN|English|Italian|RU|Russian,,,0.0,,,,,2
camp_69,Organic Trend,Ukrainian political narratives are being manipulated while international tensions surround virus origins and military readiness.,bm25_rag,euvsdisinfo,EN|RU|UK,,,0.0,,,,,2
camp_374,Organic Trend,Various geopolitical and economic events are being framed by specific narratives regarding international relations and domestic changes.,bm25_rag,euvsdisinfo,English|Russian,,,0.0,,,,,2
camp_379,Organic Trend,"Geopolitical conflict and Western actions are linked to regional instability, including questionable university admissions in Yemen.",bm25_rag,euvsdisinfo,Arabic|Czech|English|Russian,,,0.0,,,,,2
camp_410,Organic Trend,"Current geopolitical shifts present a severe military challenge to Russia, requiring international cooperation.",bm25_rag,euvsdisinfo,English|German|Russian,,,0.0,,,,,2
camp_435,Organic Trend,"The ""Dignity and Truth Platform"" party, known as Nastase, is linked to mandatory mobilization and scrutiny by various global bodies.",bm25_rag,euvsdisinfo,English|Russian|Spanish,,,0.0,,,,,2
camp_331,Organic Trend,Russia claims Western actions and NATO expansion are escalating toward conflict while downplaying provocations.,bm25_rag,euvsdisinfo,ARABIC|CS|RU,,,0.0,,,,,2
camp_260,Organic Trend,"The conflict involves accusations of hypocrisy, denials of invasion, and separatist movements seeking international recognition.",bm25_rag,euvsdisinfo,Arabic|Czech|EN|English|RU|Russian,,,0.0,,,,,2
camp_37,Organic Trend,State-sponsored cyber operations and military exercises are occurring alongside claims about chemical weapon synthesis.,bm25_rag,euvsdisinfo,ARABIC|EN|LITHUANIAN|RU,,,0.0,,,,,2
camp_105,Organic Trend,"Russia's actions involve military threats, infrastructure attacks, and regional isolation amidst ongoing international discussions.",bm25_rag,euvsdisinfo,Arabic|English|Russian,,,0.0,,,,,2
camp_127,Organic Trend,"Various entities are facing scrutiny over military aid, healthcare practices, and secret public health measures.",bm25_rag,euvsdisinfo,ARABIC|Arabic|EN|Russian|Slovak|Ukrainian,,,0.0,,,,,2
camp_305,Organic Trend,These narratives frame current global events through lenses of geopolitical power struggles and strategic maneuvering.,bm25_rag,euvsdisinfo,Arabic|Azerbaijani|English|Italian,,,0.0,,,,,2
camp_18,Organic Trend,Global powers allegedly manipulate international bodies and suppress dissent to control populations through manufactured health crises.,bm25_rag,euvsdisinfo,RU|Russian,,,0.0,,,,,2
camp_346,Organic Trend,"Narratives are being shaped by conflicting expert opinions, geopolitical justifications, and external pressures on policy.",bm25_rag,euvsdisinfo,ARABIC|RU|SK,,,0.0,,,,,2
camp_391,Organic Trend,"Russian actions are framed by conflicting narratives, ranging from global warnings to allegations of war crimes and disinformation.",bm25_rag,euvsdisinfo,English|Hungarian|Italian|Russian,,,0.0,,,,,2
camp_211,Organic Trend,"A sophisticated cyberattack, like the SolarWinds hack, is being hampered by external interference during investigations.",bm25_rag,euvsdisinfo,Arabic|English,,,0.0,,,,,2
camp_413,Organic Trend,"Geopolitical conflicts and military actions are driving global events, overshadowing public health concerns.",bm25_rag,euvsdisinfo,ARABIC|Arabic|EN|English|RU,,,0.0,,,,,2
camp_109,Organic Trend,"Wieluń represents the brutal early suffering of Poles in WWII, while narratives contest other nations' roles in defeating fascism.",bm25_rag,euvsdisinfo,ARABIC|CS|EN|PL|RU,,,0.0,,,,,3
camp_34,Organic Trend,"The conflict is prolonged by external interests, while US involvement benefits from the rejection of Russian resources.",bm25_rag,euvsdisinfo,RU|Russian,,,0.0,,,,,2
camp_118,Organic Trend,"The conflict is primarily benefiting America, while vaccination efforts are ongoing despite the difficulty of international intervention.",bm25_rag,euvsdisinfo,ARABIC|RU,,,0.0,,,,,2
camp_264,Organic Trend,Religious leaders are actively engaged in community and diplomatic efforts while upholding core Christian values of dignity and courage.,bm25_rag,euvsdisinfo,ARABIC|Arabic|English|Russian,,,0.0,,,,,3
camp_87,Organic Trend,External powers are allegedly launching information campaigns to undermine national sovereignty and vaccine initiatives.,bm25_rag,euvsdisinfo,EN|English|ITALIAN|Italian|RU|Russian,,,0.0,,,,,3
camp_350,Organic Trend,Ukrainian authorities are accused of escalating conflict while suppressing domestic opposition amid ongoing military strikes.,bm25_rag,euvsdisinfo,ARMENIAN|PL|RU|UK,,,0.0,,,,,2
camp_408,Organic Trend,"The status of Donbas under the Minsk Agreements is disputed, with aid provision lacking full international confirmation.",bm25_rag,euvsdisinfo,EN|RU,,,0.0,,,,,2
camp_119,Organic Trend,EU actions are perceived by Russia as equating the Soviet system with Nazism while disputing claims about Crimea's status and progress.,bm25_rag,euvsdisinfo,EN|RU|UK,,,0.0,,,,,2
camp_193,Organic Trend,"Misinformation is circulating regarding device functionality, sports news authenticity, and viral video origins.",bm25_rag,euvsdisinfo,ARABIC|Arabic|EN|English|RU|Russian,,,0.0,,,,,2
camp_368,Organic Trend,"Radical groups are blamed for violence and alleged chemical attacks, while Russia frames its military actions as a response to NATO.",bm25_rag,euvsdisinfo,English|RU|Russian,,,0.0,,,,,2
camp_334,Organic Trend,"External forces are allegedly influencing political events in Belarus, while US policy regarding Ukraine and drug cartels remains uncertain.",bm25_rag,euvsdisinfo,ARABIC|Arabic|EN|English|HUNGARIAN,,,0.0,,,,,2
camp_133,Organic Trend,Russia's aggression threatens Ukrainian culture while NATO anticipates a decisive military shift leading to Russian withdrawal.,bm25_rag,euvsdisinfo,Arabic|Czech|English|Hungarian,,,0.0,,,,,2
camp_389,Organic Trend,"Various political and health narratives involve alleged secret planning, geopolitical maneuvering, and public health advice.",bm25_rag,euvsdisinfo,ARABIC|EN|RU|SK,,,0.0,,,,,2
camp_252,Organic Trend,"External pressures and political actions are creating instability, impacting Ukrainian citizens and democratic processes.",bm25_rag,euvsdisinfo,ARABIC|EN|RU,,,0.0,,,,,2
camp_307,Organic Trend,Foreign powers are allegedly pressuring the US to negotiate while simultaneously undermining diplomatic efforts.,bm25_rag,euvsdisinfo,ARABIC|CS|English|RU|Russian,,,0.0,,,,,2
camp_117,Organic Trend,Russia's military actions and geopolitical shifts suggest a prolonged conflict with enduring global power dynamics.,bm25_rag,euvsdisinfo,ARABIC|Czech|EN|English|Russian,,,0.0,,,,,2
camp_388,Organic Trend,Disinformation campaigns and legal disputes are complicating narratives surrounding US foreign policy and military involvement.,bm25_rag,euvsdisinfo,ARABIC|Arabic|Russian,,,0.0,,,,,2
camp_143,Organic Trend,Western powers are allegedly maneuvering to influence geopolitical conflicts involving Russia and its neighbors.,bm25_rag,euvsdisinfo,Arabic|EN|RU|Russian,,,0.0,,,,,3
camp_302,Organic Trend,Russia is allegedly escalating threats while simultaneously engaging in political maneuvering regarding military aid and domestic assets.,bm25_rag,euvsdisinfo,Arabic|EN|RU|Russian,,,0.0,,,,,3
camp_157,Organic Trend,Americans favor economic growth through innovation and prefer international engagement over military escalation.,bm25_rag,euvsdisinfo,ARABIC|DE|EN|RU,,,0.0,,,,,2
camp_114,Organic Trend,"US actions are allegedly aimed at destabilizing Asia to undermine Russia, while Russian intelligence is reportedly active in Italy.",bm25_rag,euvsdisinfo,Arabic|English|Italian|Russian,,,0.0,,,,,2
camp_421,Organic Trend,Russia claims external forces and NATO are escalating tensions while the central bank may raise rates despite falling inflation.,bm25_rag,euvsdisinfo,ARMENIAN|EN|RU,,,0.0,,,,,2
camp_403,Organic Trend,"Political and international dynamics involve accusations of bias, strategic alliances, and electoral pressures.",bm25_rag,euvsdisinfo,Arabic|English|French|Hungarian|Russian,,,0.0,,,,,2
camp_58,Organic Trend,"Political tensions, foreign interference, and cultural shifts are reshaping international relations and domestic narratives.",bm25_rag,euvsdisinfo,French|Russian,,,0.0,,,,,2
camp_210,Organic Trend,Russia claims its annexation of Crimea is permanent while accusing Ukraine of deliberately distancing itself from Russia.,bm25_rag,euvsdisinfo,ARABIC|Arabic|English|RU|Russian,,,0.0,,,,,2
camp_401,Organic Trend,"Savchenko's public persona shifted to a militant figure, reflecting survival and power dynamics in a tense political climate.",bm25_rag,euvsdisinfo,EN|ITALIAN|RU|Russian,,,0.0,,,,,2
camp_336,Organic Trend,"Misinformation narratives link Trump's actions, geopolitical shifts, and vaccine debates to broader global power struggles.",bm25_rag,euvsdisinfo,ARABIC|AZERBAIJANI|Arabic|English|Russian,,,0.0,,,,,2
camp_387,Organic Trend,"Western actions are allegedly hindering effective countermeasures against Russian influence in health, sports, and military aid.",bm25_rag,euvsdisinfo,English|Russian,,,0.0,,,,,2
camp_298,Organic Trend,Major international alliances are experiencing internal crises amid claims of conflict and alleged wartime atrocities.,bm25_rag,euvsdisinfo,ARABIC|EN|English|Russian,,,0.0,,,,,2
camp_115,Organic Trend,Ukraine's military capacity is questioned while international geopolitical maneuvering continues across various regions.,bm25_rag,euvsdisinfo,ARABIC|Arabic|French|German|RU|Russian,,,0.0,,,,,3
camp_92,Organic Trend,"NATO's role, chemical weapon disputes, and military interventions highlight ongoing geopolitical tensions.",bm25_rag,euvsdisinfo,DE|EN|RU,,,0.0,,,,,2
camp_400,Organic Trend,Global powers are actively manipulating crises while geopolitical tensions persist between major world actors.,bm25_rag,euvsdisinfo,EN|English|HUNGARIAN|Russian,,,0.0,,,,,2
camp_373,Organic Trend,"Political tensions are rising in Europe, involving EU sanctions, US foreign policy leverage, and calls for Czech departure from the EU.",bm25_rag,euvsdisinfo,EN|English|RU|Russian,,,0.0,,,,,2
camp_144,Organic Trend,Russian authorities used excessive force against protesters and targeted opposition figures during recent events.,bm25_rag,euvsdisinfo,English|RU|Russian,,,0.0,,,,,2
camp_174,Organic Trend,"Ukraine is navigating complex geopolitical shifts involving international inspections, military alliances, and energy dependency.",bm25_rag,euvsdisinfo,Czech|English|Russian,,,0.0,,,,,2
camp_75,Organic Trend,Global health initiatives and climate data are being manipulated by political interests for financial gain.,bm25_rag,euvsdisinfo,ARABIC|EN|FR|RU,,,0.0,,,,,2
camp_438,Organic Trend,Geopolitical tensions are causing divided international support and questionable adherence to global agreements.,bm25_rag,euvsdisinfo,CS|EN|English|Russian,,,0.0,,,,,2
camp_61,Organic Trend,"Global events involve mandated educational reforms, limited military support in conflicts, and preparations for the Hajj.",bm25_rag,euvsdisinfo,Arabic|Czech|English|French|Russian,,,0.0,,,,,2
camp_226,Organic Trend,US and Russia are major global powers navigating internal political crises amidst ongoing legislative activity.,bm25_rag,euvsdisinfo,EN|GEORGIAN|RU,,,0.0,,,,,2
camp_19,Organic Trend,Russia is accused of military advancements while simultaneously accusing the West of provocative actions against its territory.,bm25_rag,euvsdisinfo,ARABIC|Arabic|EN|English|RU|Russian,,,0.0,,,,,6
camp_405,Organic Trend,"Political survival and potential conflict surround Poroshenko, while peace talks and religious efforts continue.",bm25_rag,euvsdisinfo,ARABIC|RU|UK,,,0.0,,,,,2
camp_420,Organic Trend,Russia's actions and geopolitical maneuvers are framed by narratives questioning international transparency and asserting defensive justifications.,bm25_rag,euvsdisinfo,English|Russian,,,0.0,,,,,2
camp_71,Organic Trend,"Misinformation narratives link geopolitical instability, such as Putin's actions, with exaggerated and potentially engineered threats from COVID-19.",bm25_rag,euvsdisinfo,EN|RU|Russian|Slovak,,,0.0,,,,,2
camp_386,Organic Trend,Political disputes over insurrection claims intersect with border migration and Eastern European defense strategies.,bm25_rag,euvsdisinfo,ARABIC|EN|English|Lithuanian|Polish|UK,,,0.0,,,,,2
camp_255,Organic Trend,"Global politics are characterized by controversy surrounding historical memory, political figures, and energy infrastructure.",bm25_rag,euvsdisinfo,ARABIC|DE|FR|LITHUANIAN|RU,,,0.0,,,,,2
camp_53,Organic Trend,"Global challenges, including migration, military support, and vaccine access, are complicated by international limitations and geopolitical pressures.",bm25_rag,euvsdisinfo,Arabic|EN|English|GEORGIAN|RU|Russian,,,0.0,,,,,3
camp_325,Organic Trend,US military labs in Ukraine are allegedly developing pathogens while political praise suggests a potential agreement with Putin.,bm25_rag,euvsdisinfo,EN|RU,,,0.0,,,,,2
camp_132,Organic Trend,The candidate's platform focuses on strengthening Ukraine's defense and integration while improving the economy away from Russian influence.,bm25_rag,euvsdisinfo,Arabic|English|Russian|Ukrainian,,,0.0,,,,,2
camp_112,Organic Trend,These claims mix promotional content with geopolitical narratives about illicit oil trade and potential military escalation.,bm25_rag,euvsdisinfo,ARABIC|EN|Finnish|Russian,,,0.0,,,,,2
camp_179,Organic Trend,Russia is pursuing expanded geopolitical control while challenging international sanctions and demanding concessions from allies.,bm25_rag,euvsdisinfo,ARABIC|Arabic|EN|English|RU|Russian,,,0.0,,,,,5
camp_296,Organic Trend,Geopolitical tensions suggest European expansion is unsustainable and that regional agreements are shifting influence dynamics.,bm25_rag,euvsdisinfo,Arabic|DE|EN|English|RU,,,0.0,,,,,2
camp_129,Organic Trend,"Political disagreements and regional tensions are driving policy decisions regarding sanctions, energy, and internal stability.",bm25_rag,euvsdisinfo,EN|RU,,,0.0,,,,,2
camp_240,Organic Trend,Historical Polish population statistics show trends in death rates and natural increase over several decades.,bm25_rag,euvsdisinfo,Arabic|EN|English|Italian,,,0.0,,,,,2
camp_121,Organic Trend,"Disputes surround international events, including alleged responsibility for disasters and geopolitical negotiation strategies.",bm25_rag,euvsdisinfo,ARABIC|Arabic|EN|RU,,,0.0,,,,,2
camp_189,Organic Trend,"Misinformation is circulating regarding Belarusian protests, Russian foreign policy, and alleged Ukrainian nuclear threats.",bm25_rag,euvsdisinfo,EN|English|RU,,,0.0,,,,,2
camp_248,Organic Trend,"European nations are bolstering defenses, including acquiring U.S. tanks, in response to Russian military threats.",bm25_rag,euvsdisinfo,ARABIC|English|RU|Russian|Spanish,,,0.0,,,,,2
camp_395,Organic Trend,"Russian investment in Crimea has failed to deliver promised development, fueling disillusionment amid geopolitical tensions.",bm25_rag,euvsdisinfo,Armenian|English|Russian|Ukrainian,,,0.0,,,,,2
camp_231,Organic Trend,"The provided claims lack a coherent narrative thread connecting political dissent, historical weather events, and population stagnation.",bm25_rag,euvsdisinfo,English|Hungarian|RU,,,0.0,,,,,2
camp_355,Organic Trend,"Evidence suggests the official narrative regarding the MH17 downing is flawed, prompting calls for further sanctions.",bm25_rag,euvsdisinfo,EN|RU,,,0.0,,,,,2
camp_411,Organic Trend,"Authorities are implementing price stabilization measures, including a ""family basket"" and GMO feed restrictions.",bm25_rag,euvsdisinfo,ARABIC|Arabic|EN|English|FR|GEORGIAN|Georgian|ITALIAN|Italian|RU|Russian|UK|Ukrainian,,,0.0,,,,,3
camp_262,Organic Trend,"Foreign entities are allegedly involved in disinformation campaigns and geopolitical maneuvering concerning Russia, Ukraine, and ISIS.",bm25_rag,euvsdisinfo,Arabic|Armenian|English|Russian,,,0.0,,,,,2
camp_434,Organic Trend,Russia engages in geopolitical interference globally while facing international criticism for its actions.,bm25_rag,euvsdisinfo,Arabic|English|Russian,,,0.0,,,,,2
camp_241,Organic Trend,International financial institutions and political pressures are allegedly manipulating developing nations for resource gain.,bm25_rag,euvsdisinfo,English|RU|Russian|SK,,,0.0,,,,,2
camp_443,Organic Trend,A prominent figure's health crisis and airline issues are being linked to broader political and religious narratives.,bm25_rag,euvsdisinfo,ARABIC|Arabic,,,0.0,,,,,2
camp_205,Organic Trend,"Western entities are allegedly involved in discrediting Russian figures and vaccines, including the Navalny poisoning.",bm25_rag,euvsdisinfo,ARABIC|RU,,,0.0,,,,,2
camp_94,Organic Trend,Political maneuvering and external pressures complicate Ukraine's path amid internal resistance and criticism.,bm25_rag,euvsdisinfo,ARABIC|FINNISH|RU|Russian,,,0.0,,,,,3
camp_280,Organic Trend,Russia is actively undermining Western influence through political and economic actions in Europe and globally.,bm25_rag,euvsdisinfo,Arabic|English|Russian|Spanish,,,0.0,,,,,3
camp_81,Organic Trend,"Geopolitical pressures and international support dynamics significantly influence demographic, military, and health outcomes across various regions.",bm25_rag,euvsdisinfo,Arabic|English|Georgian|Russian,,,0.0,,,,,2
camp_249,Organic Trend,"Climate change narratives are disputed, with claims questioning environmental impacts and the viability of renewable energy.",bm25_rag,euvsdisinfo,DE|EN|RU,,,0.0,,,,,2
camp_17,Organic Trend,"Despite some biological adaptation, accelerating ice loss and climate impacts are occurring despite low climate sensitivity findings.",bm25_rag,euvsdisinfo,ARABIC|Arabic|EN|Russian,,,0.0,,,,,3
camp_149,Organic Trend,"Global political tensions involve accusations, international legal uncertainty, and diverging stances on major geopolitical issues.",bm25_rag,euvsdisinfo,EN|RU|UK,,,0.0,,,,,2
camp_200,Organic Trend,"Global and domestic pressures are impacting various regions, from energy dependence to political investigations and conflict zones.",bm25_rag,euvsdisinfo,English|RU|Spanish|UK|Ukrainian,,,0.0,,,,,2
camp_145,Organic Trend,Russian aggression is driving a global food crisis while narratives about Ukrainian energy and media ownership are disputed.,bm25_rag,euvsdisinfo,ARABIC|CS|EN|HUNGARIAN|RU,,,0.0,,,,,2
camp_66,Organic Trend,Various geopolitical and economic issues highlight perceived failures in international policies and regional stability.,bm25_rag,euvsdisinfo,DE|EN|English|RU|Russian|UK,,,0.0,,,,,2
camp_40,Organic Trend,"Disinformation campaigns are being used to manipulate public perception regarding viral origins, geopolitical conflicts, and national economic data.",bm25_rag,euvsdisinfo,ARABIC|Arabic|English|French|Russian,,,0.0,,,,,2
camp_194,Organic Trend,Misinformation narratives manipulate events and figures to discredit Western reporting and challenge established historical facts.,bm25_rag,euvsdisinfo,Arabic|Azerbaijani|EN|RU|Russian,,,0.0,,,,,4
camp_101,Organic Trend,"Belarusian leadership blames external control, while Russia asserts sanctions are permanent despite toxicology reports.",bm25_rag,euvsdisinfo,Arabic|English|Russian,,,0.0,,,,,2
camp_230,Organic Trend,Global elites are orchestrating a destabilizing shift that threatens national sovereignty and societal stability.,bm25_rag,euvsdisinfo,RU,,,0.0,,,,,2
camp_244,Organic Trend,Geopolitical actors are allegedly manipulating international events through disinformation and strategic provocations.,bm25_rag,euvsdisinfo,English|Georgian|Russian,,,0.0,,,,,3
camp_276,Organic Trend,"Political figures have faced allegations of misconduct, including impeachment, territorial gains, and controversial refugee agreements.",bm25_rag,euvsdisinfo,Arabic|EN|RU|Russian,,,0.0,,,,,2
camp_233,Organic Trend,"Global political shifts involve disputed energy stances, internal US crises, and regional economic protectionism.",bm25_rag,euvsdisinfo,Arabic|Georgian|Russian|Ukrainian,,,0.0,,,,,2
camp_300,Organic Trend,The claims question the legality of military summonses while noting unconfirmed diplomatic visits and varied international planning structures.,bm25_rag,euvsdisinfo,Arabic|EN|English|RU|Russian,,,0.0,,,,,2
camp_284,Organic Trend,Western efforts to discredit Russia are countered by accusations of Western hypocrisy and disinformation campaigns.,bm25_rag,euvsdisinfo,English|Georgian|Russian,,,0.0,,,,,2
camp_358,Organic Trend,Western powers are accused of ignoring Russian aggression while internal Ukrainian debates focus on war and land reform.,bm25_rag,euvsdisinfo,EN|English|FR|RU,,,0.0,,,,,2
camp_124,Organic Trend,"Global instability is driven by geopolitical conflict, unsustainable national debt, and humanity's existential risks.",bm25_rag,euvsdisinfo,ITALIAN|RU,,,0.0,,,,,2
camp_73,Organic Trend,"The claims present disparate narratives, suggesting British focus on the Skripals is a distraction from Brexit and Russian energy strength.",bm25_rag,euvsdisinfo,EN|English|French|RU|Russian,,,0.0,,,,,2
camp_223,Organic Trend,"Misinformation narratives allege weapon diversion, extremist political demands, and the presence of fascist symbolism in military infrastructure.",bm25_rag,euvsdisinfo,Arabic|Russian,,,0.0,,,,,2
camp_294,Organic Trend,"The EU faces internal divisions while Belarus distances itself amid tensions, and the Ukrainian regime uses historical figures for legitimacy.",bm25_rag,euvsdisinfo,English|RU|Russian,,,0.0,,,,,2
camp_151,Organic Trend,Russia claims Crimea as integral territory while tensions rise over Swedish military actions and Turkish involvement.,bm25_rag,euvsdisinfo,Arabic|English|Russian,,,0.0,,,,,2
camp_286,Organic Trend,"Increased geopolitical tensions stem from NATO expansion, Russian claims over Crimea, and perceived political instability in the US.",bm25_rag,euvsdisinfo,ARABIC|EN|English|RU|Russian,,,0.0,,,,,5
camp_82,Organic Trend,"Russian military actions in Ukraine involve violence against civilians, prompting protective measures like state emergencies elsewhere.",bm25_rag,euvsdisinfo,EN|RU,,,0.0,,,,,2
camp_185,Organic Trend,"Various groups maintain firm, often disputed, narratives regarding political power, territorial claims, and public health information.",bm25_rag,euvsdisinfo,English|HUNGARIAN|RU|Russian,,,0.0,,,,,2
camp_65,Organic Trend,"Religious and political figures are addressing various societal issues in the Middle East, including economic stability and human welfare.",bm25_rag,euvsdisinfo,ARABIC|EN|RU,,,0.0,,,,,2
camp_93,Organic Trend,"Geopolitical tensions involve disputed territories, domestic political instability, and increased military presence in Eastern Europe.",bm25_rag,euvsdisinfo,ARABIC|Arabic|EN|ES|English|FINNISH|RU|Russian,,,0.0,,,,,7
camp_43,Organic Trend,"Geopolitical tensions involve concerns over Belarusian protests, vaccine procurement strategies, and Russian chemical weapons demands.",bm25_rag,euvsdisinfo,Arabic|English|RU|Russian,,,0.0,,,,,2
camp_383,Organic Trend,Russia and its allies claim Western actions threaten peace in Donbas while seeking international forums against Ukraine's policies.,bm25_rag,euvsdisinfo,Arabic|English|Russian|Spanish,,,0.0,,,,,2
camp_6,Organic Trend,"Disinformation targets Ukrainian political figures amid geopolitical tensions, while severe weather disrupts Russian cities.",bm25_rag,euvsdisinfo,EN|Russian,,,0.0,,,,,2
camp_412,Organic Trend,Political actors are using manufactured crises and internal distrust to undermine public confidence in democratic processes.,bm25_rag,euvsdisinfo,ARABIC|Arabic|EN|English|RU|Russian,,,0.0,,,,,2
camp_171,Organic Trend,Global elites are allegedly using orchestrated events and vaccines to control populations while authorities fail to protect vulnerable groups.,bm25_rag,euvsdisinfo,EN|English|HUNGARIAN|RU|Russian,,,0.0,,,,,2
camp_178,Organic Trend,"Political figures face scrutiny over corruption, while international alliances express concerns regarding foreign policy.",bm25_rag,euvsdisinfo,English|Russian,,,0.0,,,,,2
camp_195,Organic Trend,Regional powers are actively engaged in diplomatic efforts to restore balance and address geopolitical concerns.,bm25_rag,euvsdisinfo,ARABIC|RU,,,0.0,,,,,2
camp_182,Organic Trend,"Geopolitical tensions involve diplomatic expulsions, conflicting international alliances, and skepticism toward EU values.",bm25_rag,euvsdisinfo,ARABIC|EN|English|RU|Russian,,,0.0,,,,,3
camp_375,Organic Trend,Political and military figures in various nations are expressing skepticism or resistance regarding current geopolitical conflicts.,bm25_rag,euvsdisinfo,ARABIC|EN|English|Russian,,,0.0,,,,,2
camp_238,Organic Trend,"Western actions are accused of destabilizing nations through occupation, resource exploitation, and supporting terrorism.",bm25_rag,euvsdisinfo,ARABIC|Russian,,,0.0,,,,,2
camp_321,Organic Trend,"Geopolitical factors, external interference, and policy decisions significantly impact global security, health, and economic stability.",bm25_rag,euvsdisinfo,ARABIC|Arabic|DE|Polish|Spanish|UK,,,0.0,,,,,2
camp_166,Organic Trend,"Russia is strengthening its power and military presence, including nuclear capabilities, amidst regional tensions.",bm25_rag,euvsdisinfo,Arabic|English|Hungarian|Russian|Serbian,,,0.0,,,,,2
camp_5,Organic Trend,"Geopolitical tensions are escalating, while global power dynamics are shifting away from Western dominance.",bm25_rag,euvsdisinfo,ARABIC|Arabic|EN|ES|German|RU,,,0.0,,,,,2
camp_212,Organic Trend,"Lithuanian politics faces criticism regarding rhetoric, business influence, and alleged authoritarian leanings mirroring Belarus.",bm25_rag,euvsdisinfo,English|Georgian|Polish|Russian,,,0.0,,,,,2
camp_12,Organic Trend,Military actions in Syria and Ukraine involve the alleged use of banned weaponry causing significant civilian damage.,bm25_rag,euvsdisinfo,ARABIC|EN|English,,,0.0,,,,,2
camp_167,Organic Trend,Government agencies are allegedly involved in orchestrating political violence and manipulating global events.,bm25_rag,euvsdisinfo,Czech|EN|RU|Spanish,,,0.0,,,,,2
camp_306,Organic Trend,International leaders condemned Russia's aggression while security concerns link migration and political instability.,bm25_rag,euvsdisinfo,EN|English|RU,,,0.0,,,,,2
camp_343,Organic Trend,"A series of unrelated incidents, including a flight landing, an assault, and alleged election fraud, are being linked together.",bm25_rag,euvsdisinfo,Arabic|English|German|Russian,,,0.0,,,,,2
camp_44,Organic Trend,"External factors, including political agreements and sanctions, hinder Ukraine's military modernization and economic integration.",bm25_rag,euvsdisinfo,ARABIC|EN|RU|Russian|UK|Ukrainian,,,0.0,,,,,3
camp_319,Organic Trend,Political and societal instability is being leveraged to promote narratives questioning established energy policies and national unity.,bm25_rag,euvsdisinfo,ARABIC|EN|English|RU|Ukrainian,,,0.0,,,,,2
camp_122,Organic Trend,Political and economic interests are allegedly suppressing scientific debate regarding cannabis benefits and vaccine safety.,bm25_rag,euvsdisinfo,EN|Russian,,,0.0,,,,,2
camp_236,Organic Trend,"Ukrainian actions are framed as politically motivated, while Russian military strikes cause civilian casualties.",bm25_rag,euvsdisinfo,ARABIC|Armenian|Russian|Ukrainian,,,0.0,,,,,2
camp_376,Organic Trend,Security forces successfully thwarted multiple terrorist plots while the Strait of Hormuz remains open for oil tankers.,bm25_rag,euvsdisinfo,EN|RU,,,0.0,,,,,2
camp_342,Organic Trend,"Global South nations question Western actions against Russia, citing perceived hypocrisy and differing views on the conflict.",bm25_rag,euvsdisinfo,Arabic|English|RU|Russian|UK,,,0.0,,,,,2
camp_102,Organic Trend,Russia claims it is defending its territory against Western provocations while managing evidence related to alleged war crimes.,bm25_rag,euvsdisinfo,Arabic|EN|English|RU,,,0.0,,,,,2
camp_344,Organic Trend,Authoritarian regimes in Eastern Europe are using political repression and manufactured narratives to control their populations.,bm25_rag,euvsdisinfo,ARABIC|Arabic|DE|EN|English|GEORGIAN|RU,,,0.0,,,,,3
camp_251,Organic Trend,Geopolitical instability is fueled by ineffective Western intervention and escalating political violence.,bm25_rag,euvsdisinfo,ARABIC|EN|RU|SERBIAN,,,0.0,,,,,2
camp_347,Organic Trend,"Global issues span religious advocacy, international sports achievements, geopolitical tensions, and calls to curb hate speech.",bm25_rag,euvsdisinfo,Arabic|RU|Russian,,,0.0,,,,,2
camp_245,Organic Trend,"Leaders are facing scrutiny over geopolitical stances, including support for Ukraine and migration concerns.",bm25_rag,euvsdisinfo,English|Russian,,,0.0,,,,,2
camp_352,Organic Trend,Conflicting reports suggest Ukrainian military actions and internal incidents are escalating the conflict in Donbas.,bm25_rag,euvsdisinfo,English|Russian,,,0.0,,,,,2
camp_13,Organic Trend,"These claims assert the validity of specific national decisions, refute election fraud allegations, and deny false conflict narratives.",bm25_rag,euvsdisinfo,Arabic|English|Lithuanian|Russian,,,0.0,,,,,2
camp_354,Organic Trend,Russia denies involvement in the Malaysian Boeing crash while past US officials acknowledged its historical perspective.,bm25_rag,euvsdisinfo,Arabic|RU|Ukrainian,,,0.0,,,,,2
camp_1,Organic Trend,"Russia is accused of military buildup and threatening naval operations near Ukraine, while Kyiv's exercises are viewed as provocative.",bm25_rag,euvsdisinfo,ARABIC|Arabic|EN|English|RU|Russian,,,0.0,,,,,5
camp_293,Organic Trend,"Various groups allege significant threats to established norms, whether through election fraud, regional conflict, or cultural ideology.",bm25_rag,euvsdisinfo,EN|ITALIAN|RU,,,0.0,,,,,2
camp_229,Organic Trend,"Misinformation narratives falsely link unrelated events, health issues, and political actions to create misleading narratives.",bm25_rag,euvsdisinfo,Arabic|EN|English|ITALIAN|RU,,,0.0,,,,,3
camp_25,Organic Trend,"Misinformation campaigns are targeting political figures and initiatives, including accusations of anti-national sentiment.",bm25_rag,euvsdisinfo,ARABIC|CS|Hungarian|RU|Russian|UK,,,0.0,,,,,3
camp_209,Organic Trend,"Geopolitical actors assert their own narratives regarding military alliances, political futures, and territorial claims.",bm25_rag,euvsdisinfo,ARABIC|Arabic|Finnish|RU|Russian,,,0.0,,,,,2
camp_33,Organic Trend,Russia blames Western sanctions for its situation while alleging US involvement in infrastructure attacks.,bm25_rag,euvsdisinfo,EN|English|Russian|UK,,,0.0,,,,,3
camp_433,Organic Trend,"Massive, coordinated violence involving Ukrainian nationalists against Poles occurred in Volhynia during World War II.",bm25_rag,euvsdisinfo,Arabic|Russian|Ukrainian,,,0.0,,,,,2
camp_266,Organic Trend,"Various global crises involve alleged illegal activities, political instability, and documented human rights violations.",bm25_rag,euvsdisinfo,ARABIC|EN|GEORGIAN|RU,,,0.0,,,,,2
camp_357,Organic Trend,"Evidence suggests Russian claims about Bucha staging are false, while international disputes surround chemical weapons and Ukraine targets Donbas residents.",bm25_rag,euvsdisinfo,Arabic|EN|English|LITHUANIAN|RU|Russian,,,0.0,,,,,2
camp_4,Organic Trend,Misinformation falsely links media ownership to George Soros while exaggerating the global impact of the Ukraine war.,bm25_rag,euvsdisinfo,ARABIC|Czech|EN|English|Russian,,,0.0,,,,,2
camp_406,Organic Trend,Authorities are installing balance meters in Mestia to combat illegal cryptocurrency mining via electricity monitoring.,bm25_rag,euvsdisinfo,EN|GEORGIAN|Georgian|RU,,,0.0,,,,,2
camp_316,Organic Trend,"Political narratives involve accusations of provocation, obscured events, partisan comparisons, and international energy disputes.",bm25_rag,euvsdisinfo,Arabic|English|Finnish|Russian,,,0.0,,,,,2
camp_80,Organic Trend,External powers are actively manipulating Eastern European elections and security through disinformation and military posturing.,bm25_rag,euvsdisinfo,ARABIC|DE|EN|English|RU|Russian,,,0.0,,,,,3
camp_442,Organic Trend,Regional security crises highlight the necessity of organizations like the OДКБ amid opaque military aid and aggressive actions.,bm25_rag,euvsdisinfo,Arabic|English|Polish|Russian,,,0.0,,,,,2
camp_371,Organic Trend,International tensions surround investigations into war crimes and territorial claims in Ukraine and Syria.,bm25_rag,euvsdisinfo,Arabic|English|Hungarian|Russian|Serbian,,,0.0,,,,,2
camp_206,Organic Trend,"Various events are being framed by specific narratives, often involving political maneuvering or deliberate actions.",bm25_rag,euvsdisinfo,ARABIC|EN|RU|SK,,,0.0,,,,,2
camp_50,Organic Trend,Misinformation narratives distort scientific consensus on virus contagiousness and climate change impacts.,bm25_rag,euvsdisinfo,ARABIC|EN|English|RU,,,0.0,,,,,3
camp_7,Organic Trend,"Western policies are misleading, while evidence suggests internal causes for events like MH17 and a shift in Europe-Russia relations.",bm25_rag,euvsdisinfo,Arabic|EN|RU|Russian,,,0.0,,,,,2
camp_208,Organic Trend,Russian officials criticize US actions while alleging staged chemical attacks in Syria and reporting nuclear damage.,bm25_rag,euvsdisinfo,Arabic|French|Russian,,,0.0,,,,,2
camp_57,Organic Trend,The crisis is prompting drastic European measures while urging proportional responses and decentralized border control.,bm25_rag,euvsdisinfo,DE|EN|RU,,,0.0,,,,,2
camp_191,Organic Trend,Russian authorities are accused of suppressing dissent while simultaneously warning about potential health threats.,bm25_rag,euvsdisinfo,Arabic|EN|English|RU|UK,,,0.0,,,,,2
camp_147,Organic Trend,Western actions are allegedly obstructing peace with Russia while simultaneously undermining European autonomy amid security concerns.,bm25_rag,euvsdisinfo,ARABIC|EN|English|German|Hungarian|RU,,,0.0,,,,,2
camp_384,Organic Trend,"Major global powers are engaged in geopolitical tensions, using military and political pressure while facing internal strain.",bm25_rag,euvsdisinfo,ARABIC|EN|English|RU|Russian,,,0.0,,,,,2
camp_201,Organic Trend,"These claims cover diverse topics, including drug policy reform, international political designations, and debunking false reports of violence.",bm25_rag,euvsdisinfo,ARABIC|EN|English|Russian|UK,,,0.0,,,,,2
camp_430,Organic Trend,Russian and Belarusian authorities are suppressing dissent while restricting international oversight in the conflict zone.,bm25_rag,euvsdisinfo,Arabic|English|Hungarian|Russian,,,0.0,,,,,2
camp_100,Organic Trend,Belarus and Russia are bolstering defenses while planning negotiations amid increased NATO military activity near their borders.,bm25_rag,euvsdisinfo,ARABIC|Arabic|DE|EN|English|RU|Russian,,,0.0,,,,,3
camp_297,Organic Trend,External forces are allegedly orchestrating a campaign to destroy Ukraine while European powers seek greater global influence.,bm25_rag,euvsdisinfo,Arabic|English|French|Russian,,,0.0,,,,,2
camp_404,Organic Trend,Western powers are accused of using media and military actions to advance political agendas against adversaries.,bm25_rag,euvsdisinfo,ARABIC|ES|HUNGARIAN|RU,,,0.0,,,,,2
camp_120,Organic Trend,The MH17 incident is viewed as a disputed event fueling geopolitical tensions and potential propaganda warfare between Russia and the West.,bm25_rag,euvsdisinfo,Arabic|English|French|Russian,,,0.0,,,,,2
camp_150,Organic Trend,"Historical and contemporary events involve allegations of external control, forceful actions, and past state-sponsored deportations.",bm25_rag,euvsdisinfo,ARABIC|EN|English|RU|Russian,,,0.0,,,,,2
camp_369,Organic Trend,The claims link increased surveillance of the Muslim Brotherhood with strengthening Arab solidarity and a specific origin story.,bm25_rag,euvsdisinfo,ARABIC|EN|RU|UK,,,0.0,,,,,2
camp_392,Organic Trend,"The provided claims cover unrelated topics of political controversy, online gambling, and journalistic persecution.",bm25_rag,euvsdisinfo,Arabic|English|Lithuanian|Russian,,,0.0,,,,,2
camp_398,Organic Trend,"Russia disputes sanctions legality, while regional political tensions involve military claims and historical accountability.",bm25_rag,euvsdisinfo,ARABIC|RU,,,0.0,,,,,2
camp_110,Organic Trend,The EU is managing the pandemic with decentralized national responses amid economic strain and addressing fertility concerns.,bm25_rag,euvsdisinfo,Arabic|English|German|Russian|Ukrainian,,,0.0,,,,,2
camp_116,Organic Trend,"Tensions near the Russia-Ukraine border are escalating due to NATO actions, nationalism, and territorial disputes.",bm25_rag,euvsdisinfo,ARABIC|Arabic|EN|English|RU,,,0.0,,,,,5
camp_444,Organic Trend,"Child protection measures are declining overall, though they remain more prevalent among immigrant youth.",bm25_rag,euvsdisinfo,ARABIC|Arabic|NORWEGIAN NYNORSK|Russian,,,0.0,,,,,2
camp_162,Organic Trend,International financial bodies and geopolitical shifts are influencing support for Eastern European nations.,bm25_rag,euvsdisinfo,Arabic|English|Georgian|Russian,,,0.0,,,,,2
camp_60,Organic Trend,"Misinformation mixes claims about Ukrainian biological threats, Trump's diplomatic hopes, and EU energy initiatives in the region.",bm25_rag,euvsdisinfo,AFRIKAANS|ARABIC|English|HUNGARIAN|Russian,,,0.0,,,,,2
camp_10,Organic Trend,The EU faces criticism for inadequate crisis support while geopolitical maneuvering involves Russia and Slovakia facilitating trade.,bm25_rag,euvsdisinfo,EN|English|FR|RU|Russian,,,0.0,,,,,2
camp_31,Organic Trend,Geopolitical narratives suggest unpredictable maneuvers are shaping Russia's standing while challenging Ukraine's Western integration.,bm25_rag,euvsdisinfo,English|Russian,,,0.0,,,,,2
camp_173,Organic Trend,Ukrainian special forces undergo rigorous training and have complex personnel histories influencing their operations.,bm25_rag,euvsdisinfo,English|Russian|Ukrainian,,,0.0,,,,,2
camp_35,Organic Trend,"Accusations link Lithuanian political actions to authoritarianism, while Russian narratives deflect scrutiny through claims of foreign involvement and EU obstruction.",bm25_rag,euvsdisinfo,EN|English|Georgian|German|PL|RU|Russian,,,0.0,,,,,2
camp_365,Organic Trend,"Different events are being framed by various groups to suggest underlying issues of mismanagement, distress, or provocation.",bm25_rag,euvsdisinfo,EN|RU,,,0.0,,,,,2
camp_378,Organic Trend,Disparate global events range from political demands and international disputes to regulatory changes and promotional offers.,bm25_rag,euvsdisinfo,ARABIC|EN|English|GEORGIAN|RU|UK,,,0.0,,,,,2
camp_224,Organic Trend,The West is accused of obstructing peace while simultaneously increasing military commitments and undermining European autonomy.,bm25_rag,euvsdisinfo,ARABIC|DE|EN|HUNGARIAN|RU,,,0.0,,,,,2
camp_214,Organic Trend,Media outlets and state actors are engaged in coordinated narratives to deflect blame regarding international political and military actions.,bm25_rag,euvsdisinfo,EN|English|RU|Russian,,,0.0,,,,,2
camp_239,Organic Trend,"Various claims suggest systemic failures in education, health advice, international diplomacy, and consular services.",bm25_rag,euvsdisinfo,ARABIC|FR|HUNGARIAN|RU|SK,,,0.0,,,,,2
camp_268,Organic Trend,Uncontrolled external military factors and alleged crimes are occurring without full official international acknowledgment.,bm25_rag,euvsdisinfo,Arabic|German|Russian,,,0.0,,,,,2
camp_213,Organic Trend,Israeli aggression threatens regional escalation despite Iran's stated commitment against nuclear weapons.,bm25_rag,euvsdisinfo,ARABIC|EN,,,0.0,,,,,2
camp_164,Organic Trend,Vaccine distribution challenges and geopolitical tensions are shaping international relations and public health responses.,bm25_rag,euvsdisinfo,Arabic|EN|LITHUANIAN|RU|Russian,,,0.0,,,,,2
camp_8,Organic Trend,"The provided claims cover unrelated topics: Swiss financial regulation, international sporting events, and historical persecution.",bm25_rag,euvsdisinfo,English|Georgian|Russian,,,0.0,,,,,2
camp_215,Organic Trend,"Western skepticism surrounds Russian scientific claims, while military aid to Ukraine is alleged to be insufficient.",bm25_rag,euvsdisinfo,EN|ITALIAN|RU,,,0.0,,,,,2
camp_137,Organic Trend,Western influence and internal actions are fueling conflict escalation in Ukraine while NATO supports Bosnia's sovereignty.,bm25_rag,euvsdisinfo,EN|RU,,,0.0,,,,,2
camp_63,Organic Trend,"Misinformation suggests Ukraine has nuclear capabilities and is facing external control, alongside travel restrictions impacting international research.",bm25_rag,euvsdisinfo,Armenian|English|Russian,,,0.0,,,,,2
camp_277,Organic Trend,Authoritarian and influential figures are accused of using legal or political means to suppress dissent and control societal values.,bm25_rag,euvsdisinfo,EN|English|RU|Russian,,,0.0,,,,,2
camp_225,Organic Trend,Borrell's alleged deception and skepticism about Navalny's poisoning coincide with cautious monitoring of the BelNPP.,bm25_rag,euvsdisinfo,English|Russian,,,0.0,,,,,2
camp_428,Organic Trend,"Global instability, including supply chain disruptions and political dissent, poses significant threats to populations.",bm25_rag,euvsdisinfo,Arabic|EN|RU|Russian,,,0.0,,,,,2
camp_64,Organic Trend,"Economic shifts in Ukraine are allegedly being forced by external pressures, mirroring geopolitical disputes over Syria.",bm25_rag,euvsdisinfo,ARABIC|Arabic|EN|RU|Russian,,,0.0,,,,,2
camp_51,Organic Trend,Disinformation narratives link foreign military involvement to past events while current geopolitical tensions drive sanctions against Venezuela.,bm25_rag,euvsdisinfo,Arabic|English|Russian,,,0.0,,,,,2
camp_29,Organic Trend,"Brazilian authorities are investigating various entities regarding political restrictions, election integrity, and criminal activities like drug trafficking.",bm25_rag,euvsdisinfo,GEORGIAN|Georgian|RU,,,0.0,,,,,2
camp_323,Organic Trend,Misinformation links Ukraine to extremist groups while promoting unverified claims about advanced threats and political narratives.,bm25_rag,euvsdisinfo,EN|PL|RU|UK,,,0.0,,,,,2
camp_135,Organic Trend,"The provided claims mix unrelated topics, suggesting a narrative of conspiracy and geopolitical dispute.",bm25_rag,euvsdisinfo,English|French|German|RU,,,0.0,,,,,2
camp_79,Organic Trend,"A powerful elite is allegedly manipulating global events, including in Ukraine and Syria, for hidden financial gain.",bm25_rag,euvsdisinfo,EN|English|Hungarian|RU|Russian,,,0.0,,,,,2
camp_279,Organic Trend,Russia denies Western accusations of terrorism and human rights abuses while blaming the West for conflict.,bm25_rag,euvsdisinfo,ARABIC|EN|Russian,,,0.0,,,,,2
camp_15,Organic Trend,Elites are allegedly exploiting the pandemic and geopolitical events to consolidate power by discrediting alternative vaccines.,bm25_rag,euvsdisinfo,ARABIC|English|RU|Russian,,,0.0,,,,,2
camp_362,Organic Trend,Misinformation promotes unproven remedies for illness while political and economic issues surround global health and energy.,bm25_rag,euvsdisinfo,ARABIC|EN|RU,,,0.0,,,,,2
camp_364,Organic Trend,Political actions in Europe are being framed as either supporting Russian interests or driving domestic political shifts.,bm25_rag,euvsdisinfo,EN|ES|English|Italian|PL|Polish|RU|Russian|Spanish,,,0.0,,,,,3
camp_278,Organic Trend,"Western political and military actions are characterized by opaque funding, inaccessible legal systems, and broken promises.",bm25_rag,euvsdisinfo,Arabic|English|Finnish|Russian,,,0.0,,,,,2
camp_281,Organic Trend,"Geopolitical conflicts involve disputed military movements, media bias, and ongoing regional instability.",bm25_rag,euvsdisinfo,ARABIC|EN|RU|UK,,,0.0,,,,,2
camp_48,Organic Trend,"Escalating conflicts and regional crises are driving political instability, humanitarian needs, and disinformation campaigns.",bm25_rag,euvsdisinfo,AFRIKAANS|ARABIC|ARMENIAN|AZERBAIJANI|Afrikaans|Arabic|Armenian|Azerbaijani|CS|Czech|DE|EN|ES|English|FINNISH|FR|Finnish|French|GEORGIAN|Georgian|German|HUNGARIAN|Hungarian|ITALIAN|Italian|LITHUANIAN|Lithuanian|PL|Polish|ROMANIAN|RU|Romanian|Russian|SERBIAN|SK|Serbian|Slovak|Spanish|UK|Ukrainian,,,0.0,,,,,3
camp_320,Organic Trend,"External actions, whether sanctions or political pressure, are being framed as harmful campaigns against specific entities.",bm25_rag,euvsdisinfo,Arabic|EN|Russian,,,0.0,,,,,2
camp_30,Organic Trend,Disinformation campaigns are intentionally spreading narratives to incite conflict and societal tension across various geopolitical issues.,bm25_rag,euvsdisinfo,English|Hungarian|Russian,,,0.0,,,,,2
camp_427,Organic Trend,"US actions and rising tensions are fueling international conflict concerns, alongside unusual wildlife observations.",bm25_rag,euvsdisinfo,ARMENIAN|Arabic|EN|English,,,0.0,,,,,2
camp_216,Organic Trend,External powers are allegedly influencing domestic politics and challenging international norms in various nations.,bm25_rag,euvsdisinfo,ARABIC|EN|RU,,,0.0,,,,,2
camp_381,Organic Trend,Global elites are allegedly manipulating financial systems to cause economic collapse through restrictive measures.,bm25_rag,euvsdisinfo,English|German|Russian|Ukrainian,,,0.0,,,,,2
camp_142,Organic Trend,Western assessments of Ukraine are complicated by internal political divisions and Russia's denial of violating international agreements.,bm25_rag,euvsdisinfo,ARABIC|EN|RU,,,0.0,,,,,2
camp_228,Organic Trend,"NATO's security concerns are exaggerated, while historical geopolitical shifts and alleged human rights abuses in Russia are highlighted.",bm25_rag,euvsdisinfo,ARABIC|EN|Russian,,,0.0,,,,,3
camp_263,Organic Trend,"Media and officials are allegedly involved in a coordinated effort against Russia, while Ukraine faces accusations of biological attacks.",bm25_rag,euvsdisinfo,English|Russian,,,0.0,,,,,2
camp_304,Organic Trend,"Media suppressed election coverage, while geopolitical tensions involve Russian military buildup and Ukrainian negotiation disputes.",bm25_rag,euvsdisinfo,ARABIC|Arabic|EN|English|FINNISH|Slovak,,,0.0,,,,,3
camp_310,Organic Trend,"Political activism in Russia leads to legal repercussions, while European sanctions and threats endanger asylum seekers.",bm25_rag,euvsdisinfo,English|Russian|Spanish,,,0.0,,,,,2
camp_315,Organic Trend,"Ukraine's situation involves military dangers, political controversies surrounding its leadership, and cultural restrictions against Russian symbols.",bm25_rag,euvsdisinfo,ES|English|Polish|RU|Russian,,,0.0,,,,,2
camp_339,Organic Trend,"Geopolitical events involve alleged manipulation, diplomatic tensions, and international incidents with complex origins.",bm25_rag,euvsdisinfo,Arabic|GEORGIAN|RU|Russian,,,0.0,,,,,2
camp_436,Organic Trend,Gates is allegedly promoting specific energy and dietary changes while unrelated website issues are being reported.,bm25_rag,euvsdisinfo,ARABIC|Arabic|Russian|UK,,,0.0,,,,,2
camp_192,Organic Trend,Some narratives suggest external powers are exploiting the Belarusian crisis for geopolitical and military advantage.,bm25_rag,euvsdisinfo,RU,,,0.0,,,,,2
camp_341,Organic Trend,Foreign interference and surveillance are allegedly being used to discredit political figures and processes.,bm25_rag,euvsdisinfo,Arabic|RU|Russian|Slovak,,,0.0,,,,,2
camp_283,Organic Trend,"Conflict and political actions are causing widespread humanitarian crises, cultural damage, and electoral manipulation.",bm25_rag,euvsdisinfo,ARABIC|EN|English|RU|Ukrainian,,,0.0,,,,,2
camp_431,Organic Trend,Geopolitical conflicts and regional tensions are intertwined with claims of advanced weaponry and foreign policy failures.,bm25_rag,euvsdisinfo,Arabic|Russian,,,0.0,,,,,2
camp_424,Organic Trend,"Regional conflicts, such as in Syria and Ukraine, raise concerns about misinformation, escalation, and environmental safety.",bm25_rag,euvsdisinfo,English|Georgian|Romanian|Russian,,,0.0,,,,,2
camp_351,Organic Trend,"Political narratives manipulate public perception regarding pandemic origins, territorial disputes, and international alliances.",bm25_rag,euvsdisinfo,Czech|English|Russian,,,0.0,,,,,2
camp_312,Organic Trend,"Western influence and internal conflicts are blamed for societal upheaval, migration, and major incidents in Europe.",bm25_rag,euvsdisinfo,EN|ES|FINNISH|RU|UK,,,0.0,,,,,2
camp_46,Organic Trend,"International actors are monitoring security threats, political instability, and human rights concerns across various regions.",bm25_rag,euvsdisinfo,EN|English|Italian|RU|Russian,,,0.0,,,,,2
camp_54,Organic Trend,Western actions in Eastern Europe are framed by some as politically motivated provocations against Russia.,bm25_rag,euvsdisinfo,English|German|Italian|Russian,,,0.0,,,,,2
camp_335,Organic Trend,"Western unity against Russia has weakened, allowing Russia and China to navigate sanctions while framing conflict as externally provoked.",bm25_rag,euvsdisinfo,ARABIC|RU,,,0.0,,,,,2
camp_218,Organic Trend,"Western doubts about Navalny's poisoning, Polish military threats, and Russian vaccine promotion suggest geopolitical instability.",bm25_rag,euvsdisinfo,Arabic|English|Polish|Russian,,,0.0,,,,,2
camp_36,Organic Trend,"Political disputes, misleading official statements, and perceived governmental failures define the current state of affairs.",bm25_rag,euvsdisinfo,EN|English|RU|Russian,,,0.0,,,,,2
camp_256,Organic Trend,"The Arab Spring was a wave of pro-democracy uprisings, while international bodies face political pressures.",bm25_rag,euvsdisinfo,Arabic|DE|EN|English|RU,,,0.0,,,,,2
camp_441,Organic Trend,"Western policies are allegedly designed to destabilize regions and exert undue influence, while simultaneously promoting harmful narratives.",bm25_rag,euvsdisinfo,English|Georgian|Russian,,,0.0,,,,,3
camp_340,Organic Trend,"Evidence suggests a military-grade nerve agent was involved in an incident, possibly linked to a server error or crash.",bm25_rag,euvsdisinfo,ARABIC|EN|RU,,,0.0,,,,,2
camp_67,Organic Trend,The West is accused of undermining Russia while allegedly engaging in covert biological warfare and global interference.,bm25_rag,euvsdisinfo,ARABIC|EN|English|ITALIAN|RU|Russian,,,0.0,,,,,3
camp_399,Organic Trend,Putin is accused of rewriting history while Russia seeks military alliances to counter Turkish influence in Eastern Donbas.,bm25_rag,euvsdisinfo,ARABIC|AZERBAIJANI|EN|RU,,,0.0,,,,,2
camp_437,Organic Trend,Russian disinformation falsely claimed Ukrainian nuclear surrender while NATO supports Ukraine's defense and training efforts.,bm25_rag,euvsdisinfo,English|Russian|Ukrainian,,,0.0,,,,,2
camp_20,Organic Trend,"Misinformation narratives span political attacks, questionable data validation, and international aid mobilization.",bm25_rag,euvsdisinfo,EN|English|RU|Russian|Ukrainian,,,0.0,,,,,2
camp_172,Organic Trend,A group claims they are the sole authority while alleging Russian sabotage and intense shelling in the region.,bm25_rag,euvsdisinfo,EN|English|German|Russian|UK,,,0.0,,,,,2
camp_103,Organic Trend,"Geopolitical tensions and alleged foreign influence are fueling extremist narratives, including claims about engineered pandemics.",bm25_rag,euvsdisinfo,English|RU|Russian,,,0.0,,,,,2
camp_156,Organic Trend,"US political actions and international relations are complex, involving domestic criticism and foreign policy maneuvering.",bm25_rag,euvsdisinfo,EN|English|RU|Russian|Spanish,,,0.0,,,,,2
camp_91,Organic Trend,Misinformation campaigns attempt to deny atrocities in Bucha while international bodies challenge the recognition of Ukrainian territory.,bm25_rag,euvsdisinfo,ARABIC|English|RU|Russian,,,0.0,,,,,2
camp_417,Organic Trend,Russia is publicly criticizing the EU over sanctions and vaccine registration delays while maintaining its stance on climate issues.,bm25_rag,euvsdisinfo,ARABIC|EN|English|Lithuanian|RU|Russian,,,0.0,,,,,2
camp_104,Organic Trend,"Global communities face crises of religious persecution and political instability, while outreach efforts emphasize human dignity.",bm25_rag,euvsdisinfo,ARABIC|Arabic|EN|RU,,,0.0,,,,,2
camp_393,Organic Trend,"Russia's actions in the region threaten stability, escalating violence and geopolitical instability across Eastern Europe.",bm25_rag,euvsdisinfo,English|RU|Russian,,,0.0,,,,,2
camp_52,Organic Trend,"Geopolitical instability involves shifting leadership, disputed territories, and uncertain international political outcomes.",bm25_rag,euvsdisinfo,ARABIC|Arabic|EN|English|Russian,,,0.0,,,,,3
camp_349,Organic Trend,"Governments are investing in national security, economic stability, and media literacy to manage domestic challenges.",bm25_rag,euvsdisinfo,EN|English|GEORGIAN|ROMANIAN|Russian,,,0.0,,,,,2
camp_367,Organic Trend,"Disputed pandemic severity, disease control measures, and accelerating climate change are major contemporary global concerns.",bm25_rag,euvsdisinfo,English|German|Russian,,,0.0,,,,,2
camp_221,Organic Trend,"Geopolitical tensions and domestic political maneuvering are characterized by broken promises, internal power struggles, and accusations of corruption.",bm25_rag,euvsdisinfo,English|ROMANIAN|RU|Russian|UK,,,0.0,,,,,2
camp_402,Organic Trend,"Some narratives suggest US foreign policy, including military aid and international oversight, is driven by self-serving political or military interests.",bm25_rag,euvsdisinfo,Arabic|EN|German|NORWEGIAN|RU|Serbian,,,0.0,,,,,2
camp_407,Organic Trend,"Geopolitical conflicts and economic policies are framed as having significant, uneven global impacts.",bm25_rag,euvsdisinfo,Arabic|EN|English|Russian,,,0.0,,,,,2
camp_90,Organic Trend,Eastern European nations are bolstering military cooperation and defense against perceived threats.,bm25_rag,euvsdisinfo,ARABIC|English|RU|Russian,,,0.0,,,,,2
camp_445,Organic Trend,International actions and geopolitical tensions are creating significant humanitarian and diplomatic challenges globally.,bm25_rag,euvsdisinfo,EN|English|French|Russian,,,0.0,,,,,2
camp_327,Organic Trend,"Elites are allegedly censoring historical narratives and dissent, leading to the removal of traditional symbols.",bm25_rag,euvsdisinfo,ARABIC|EN|HUNGARIAN|RU,,,0.0,,,,,2
